Company,Job Title,Job Link,Salary,Location,Date Posted
KeyBank,Teller,https://keybank.wd5.myworkdayjobs.com/en-US/External_Career_Site/job/Quincy-WA/Teller_R-22734,N/A,"Quincy, WA",Posted Today
KeyBank,Home Lending Enterprise Retail Sales Manager,https://keybank.wd5.myworkdayjobs.com/en-US/External_Career_Site/job/Boise-ID/Home-Lending-Enterprise-Retail-Sales-Manger_R-22770,N/A,"Boise, ID",Posted Today
KeyBank,Financial Wellness Banker,https://keybank.wd5.myworkdayjobs.com/en-US/External_Career_Site/job/East-Greenbush-NY/Financial-Wellness-Associate_R-22451,N/A,"East Greenbush, NY",Posted Today
KeyBank,Financial Wellness Banker,https://keybank.wd5.myworkdayjobs.com/en-US/External_Career_Site/job/Greece-NY/Universal-Banker_R-22724,N/A,"Greece, NY",Posted Today
KeyBank,Financial Wellness Banker,https://keybank.wd5.myworkdayjobs.com/en-US/External_Career_Site/job/Fairport-NY/Universal-Banker_R-22725,N/A,"Fairport, NY",Posted Today
KeyBank,Lead Specialist,https://keybank.wd5.myworkdayjobs.com/en-US/External_Career_Site/job/Remote-United-States/Lead-Specialist---Fraud-ESS-Casework_R-22739,N/A,"Remote, United States",Posted Today
KeyBank,Lead Specialist,https://keybank.wd5.myworkdayjobs.com/en-US/External_Career_Site/job/Remote-United-States/Lead-Specialist---ESS-Fraud-Casework_R-22617,N/A,"Remote, United States",Posted Today
KeyBank,Senior Specialist,https://keybank.wd5.myworkdayjobs.com/en-US/External_Career_Site/job/Brooklyn-OH/Senior-Specialist---Banking-Trust-and-Account-Administration_R-22761,N/A,"Brooklyn, OH",Posted Today
KeyBank,"Corporate Banking Analyst, San Francisco",https://keybank.wd5.myworkdayjobs.com/en-US/External_Career_Site/job/San-Francisco-CA/Corporate-Banking-Analyst--San-Francisco_R-22762,N/A,"San Francisco, CA",Posted Today
KeyBank,Personal Banker,https://keybank.wd5.myworkdayjobs.com/en-US/External_Career_Site/job/Ellington-CT/Personal-Banker_R-22747,N/A,"Ellington, CT",Posted Today
KeyBank,Licensed Private Client Banker,https://keybank.wd5.myworkdayjobs.com/en-US/External_Career_Site/job/Bridgeville-PA/Licensed-Private-Client-Banker---Bridgeville--PA_R-19529,N/A,"Bridgeville, PA",Posted Today
KeyBank,Licensed Private Client Banker,https://keybank.wd5.myworkdayjobs.com/en-US/External_Career_Site/job/Bethel-Park-PA/Licensed-Private-Client-Banker---Bethel-Park--PA---Hillcrest-Branch_R-20831,N/A,"Bethel Park, PA",Posted Today
KeyBank,Licensed Private Client Banker,https://keybank.wd5.myworkdayjobs.com/en-US/External_Career_Site/job/Pittsburgh-PA/Licensed-Private-Client-Banker---Pittsburgh--PA---South-Hills-Village-Branch_R-19595,N/A,"Pittsburgh, PA",Posted Today
KeyBank,Licensed Private Client Banker,https://keybank.wd5.myworkdayjobs.com/en-US/External_Career_Site/job/Franklin-IN/Licensed-Private-Client-Banker---Franklin--IN_R-18035,N/A,"Franklin, IN",Posted Today
KeyBank,Licensed Private Client Banker,https://keybank.wd5.myworkdayjobs.com/en-US/External_Career_Site/job/South-Portland-ME/Licensed-Private-Client-Banker---South-Portland--ME_R-19354,N/A,"South Portland, ME",Posted Today
KeyBank,Licensed Private Client Banker,https://keybank.wd5.myworkdayjobs.com/en-US/External_Career_Site/job/Monongahela-PA/Licensed-Private-Client-Banker---Monongahela--PA_R-21394,N/A,"Monongahela, PA",Posted Today
KeyBank,Licensed Private Client Banker,https://keybank.wd5.myworkdayjobs.com/en-US/External_Career_Site/job/Elkhart-IN/Licensed-Private-Client-Banker---Elkhart--IN_R-17946,N/A,"Elkhart, IN",Posted Today
KeyBank,Summer 2024 Key's Analytics & Quantitative Modeling Internship Program,https://keybank.wd5.myworkdayjobs.com/en-US/External_Career_Site/job/Cleveland-OH/Summer-2024-Key-s-Analytics---Quantitative-Modeling-Internship-Program_R-20310,N/A,"Cleveland, OH",Posted Today
KeyBank,Financial Wellness Banker,https://keybank.wd5.myworkdayjobs.com/en-US/External_Career_Site/job/Arvada-CO/Financial-Wellness-Banker_R-22113-1,N/A,"Arvada, CO",Posted Yesterday
KeyBank,Financial Wellness Banker,https://keybank.wd5.myworkdayjobs.com/en-US/External_Career_Site/job/Centennial-CO/Financial-Wellness-Banker_R-22004,N/A,"Centennial, CO",Posted Yesterday
KeyBank,Lead Specialist- Real Estate Collections,https://keybank.wd5.myworkdayjobs.com/en-US/External_Career_Site/job/Amherst-NY/Lead-Specialist--Real-Estate-Collections_R-22680,N/A,"Amherst, NY",Posted Yesterday
KeyBank,Financial Wellness Banker,https://keybank.wd5.myworkdayjobs.com/en-US/External_Career_Site/job/Seattle-WA/Financial-Wellness-Banker_R-22736,N/A,"Seattle, WA",Posted 3 Days Ago
KeyBank,Personal Banker,https://keybank.wd5.myworkdayjobs.com/en-US/External_Career_Site/job/Puyallup-WA/Personal-Banker_R-22753,N/A,"Puyallup, WA",Posted 3 Days Ago
KeyBank,Teller,https://keybank.wd5.myworkdayjobs.com/en-US/External_Career_Site/job/Albany-NY/Teller_R-22750-1,N/A,"Albany, NY",Posted 3 Days Ago
KeyBank,Teller,https://keybank.wd5.myworkdayjobs.com/en-US/External_Career_Site/job/Beavercreek-OH/Teller_R-22751,N/A,"Beavercreek, OH",Posted 3 Days Ago
KeyBank,Summer 2024 Retail Banking Internship,https://keybank.wd5.myworkdayjobs.com/en-US/External_Career_Site/job/New-Haven-CT/Summer-2024-Retail-Banking-Internship---New-Haven_R-21855,N/A,"New Haven, CT",Posted 3 Days Ago
KeyBank,Financial Wellness Banker,https://keybank.wd5.myworkdayjobs.com/en-US/External_Career_Site/job/Lakewood-CO/Financial-Wellness-Banker_R-22758,N/A,"Lakewood, CO",Posted 3 Days Ago
KeyBank,Financial Wellness Associate,https://keybank.wd5.myworkdayjobs.com/en-US/External_Career_Site/job/Toledo-OH/Financial-Wellness-Associate_R-22756,N/A,"Toledo, OH",Posted 3 Days Ago
KeyBank,Full Time Float Teller,https://keybank.wd5.myworkdayjobs.com/en-US/External_Career_Site/job/Maumee-OH/Full-Time-Float-Teller_R-22755,N/A,"Maumee, OH",Posted 3 Days Ago
KeyBank,Part Time Float Teller,https://keybank.wd5.myworkdayjobs.com/en-US/External_Career_Site/job/Maumee-OH/Part-Time-Float-Teller_R-22754,N/A,"Maumee, OH",Posted 3 Days Ago
KeyBank,"Sr. Analytics Manager, Deposits",https://keybank.wd5.myworkdayjobs.com/en-US/External_Career_Site/job/New-York-NY/Sr-Analytics-Manager--Deposits_R-22562,N/A,"New York, NY",Posted 3 Days Ago
KeyBank,Personal Banker,https://keybank.wd5.myworkdayjobs.com/en-US/External_Career_Site/job/North-East-PA/Personal-Banker_R-22744,N/A,"North East, PA",Posted 3 Days Ago
KeyBank,KPB Family Wealth Sr Portfolio Strategist,https://keybank.wd5.myworkdayjobs.com/en-US/External_Career_Site/job/Cleveland-OH/KPB-Family-Wealth-Sr-Portfolio-Strategist_R-22545,N/A,"Cleveland, OH",Posted 3 Days Ago
KeyBank,KPB Fam Wealth Invest Cnslnt,https://keybank.wd5.myworkdayjobs.com/en-US/External_Career_Site/job/Cleveland-OH/KPB-Fam-Wealth-Invest-Cnslnt_R-21704,N/A,"Cleveland, OH",Posted 3 Days Ago
KeyBank,"Investment Associate, Retail Registered",https://keybank.wd5.myworkdayjobs.com/en-US/External_Career_Site/job/Lakewood-CO/Investment-Associate--Retail-Registered_R-21818,N/A,"Lakewood, CO",Posted 3 Days Ago
KeyBank,Equity Research Associate,https://keybank.wd5.myworkdayjobs.com/en-US/External_Career_Site/job/New-York-NY/Equity-Research-Associate_R-21540,N/A,"New York, NY",Posted 3 Days Ago
KeyBank,Paralegal,https://keybank.wd5.myworkdayjobs.com/en-US/External_Career_Site/job/Cleveland-OH/Paralegal_R-20565-1,N/A,"Cleveland, OH",Posted 3 Days Ago
KeyBank,Summer 2024 Retail Banking Internship,https://keybank.wd5.myworkdayjobs.com/en-US/External_Career_Site/job/Columbus-OH/Summer-2024-Retail-Banking-Internship---Cincinnati_R-21871,N/A,"Columbus, OH",Posted 4 Days Ago
KeyBank,"Sr. Banker, Income Property Group",https://keybank.wd5.myworkdayjobs.com/en-US/External_Career_Site/job/Washington-DC/Sr-Banker--Income-Property-Group_R-22729,N/A,"Washington, DC",Posted 4 Days Ago
KeyBank,Operations Analyst,https://keybank.wd5.myworkdayjobs.com/en-US/External_Career_Site/job/Amherst-NY/Operations-Analyst---Loss-Mitigation_R-21203,N/A,"Amherst, NY",Posted 4 Days Ago
KeyBank,Branch Manager,https://keybank.wd5.myworkdayjobs.com/en-US/External_Career_Site/job/Stamford-CT/Branch-Manager_R-22740,N/A,"Stamford, CT",Posted 4 Days Ago
KeyBank,Financial Wellness Banker,https://keybank.wd5.myworkdayjobs.com/en-US/External_Career_Site/job/Monroe-WA/Financial-Wellness-Banker_R-22309,N/A,"Monroe, WA",Posted 4 Days Ago
KeyBank,Summer 2024 Retail Banking Internship,https://keybank.wd5.myworkdayjobs.com/en-US/External_Career_Site/job/Cleveland-OH/Summer-2023-Retail-Banking-Internship---Cleveland_R-21835,N/A,"Cleveland, OH",Posted 4 Days Ago
KeyBank,Personal Banker,https://keybank.wd5.myworkdayjobs.com/en-US/External_Career_Site/job/Attica-NY/Personal-Banker_R-22723,N/A,"Attica, NY",Posted 4 Days Ago
KeyBank,Float Teller,https://keybank.wd5.myworkdayjobs.com/en-US/External_Career_Site/job/Cheektowaga-NY/Float-Teller_R-22721,N/A,"Cheektowaga, NY",Posted 4 Days Ago
KeyBank,Teller,https://keybank.wd5.myworkdayjobs.com/en-US/External_Career_Site/job/East-Amherst-NY/Teller_R-22719,N/A,"East Amherst, NY",Posted 4 Days Ago
KeyBank,Teller,https://keybank.wd5.myworkdayjobs.com/en-US/External_Career_Site/job/Buffalo-NY/Teller_R-22718,N/A,"Buffalo, NY",Posted 4 Days Ago
KeyBank,Personal Banker,https://keybank.wd5.myworkdayjobs.com/en-US/External_Career_Site/job/Albany-NY/Personal-Banker_R-22708,N/A,"Albany, NY",Posted 4 Days Ago
KeyBank,Personal Banker,https://keybank.wd5.myworkdayjobs.com/en-US/External_Career_Site/job/Orchard-Park-NY/Personal-Banker_R-22653,N/A,"Orchard Park, NY",Posted 4 Days Ago
KeyBank,Personal Banker,https://keybank.wd5.myworkdayjobs.com/en-US/External_Career_Site/job/Seattle-WA/Personal-Banker_R-22530,N/A,"Seattle, WA",Posted 4 Days Ago
KeyBank,Personal Banker,https://keybank.wd5.myworkdayjobs.com/en-US/External_Career_Site/job/Aurora-CO/Personal-Banker---Bilingual-Spanish_R-22707-1,N/A,"Aurora, CO",Posted 5 Days Ago
KeyBank,Lead Teller,https://keybank.wd5.myworkdayjobs.com/en-US/External_Career_Site/job/Port-Orchard-WA/Lead-Teller_R-22733,N/A,"Port Orchard, WA",Posted 5 Days Ago
KeyBank,Financial Wellness Banker,https://keybank.wd5.myworkdayjobs.com/en-US/External_Career_Site/job/Seattle-WA/Financial-Wellness-Banker_R-22731,N/A,"Seattle, WA",Posted 5 Days Ago
KeyBank,Financial Wellness Associate,https://keybank.wd5.myworkdayjobs.com/en-US/External_Career_Site/job/Wenatchee-WA/Financial-Wellness-Associate_R-22730,N/A,2 Locations,Posted 5 Days Ago
KeyBank,2024 Enterprise Payments Analyst Program – Cleveland,https://keybank.wd5.myworkdayjobs.com/en-US/External_Career_Site/job/Cleveland-OH/XMLNAME-2024-Enterprise-Payments-Analyst-Program---Cleveland_R-21096,N/A,"Cleveland, OH",Posted 5 Days Ago
KeyBank,Part Time Teller,https://keybank.wd5.myworkdayjobs.com/en-US/External_Career_Site/job/Exton-PA/Part-Time-Teller_R-22726,N/A,"Exton, PA",Posted 5 Days Ago
KeyBank,"Data Science Manager, Financial Crimes",https://keybank.wd5.myworkdayjobs.com/en-US/External_Career_Site/job/Brooklyn-OH/Quant-Analytics-Manager_R-21804,N/A,2 Locations,Posted 5 Days Ago
KeyBank,"Sr Manager FX, Middle Market",https://keybank.wd5.myworkdayjobs.com/en-US/External_Career_Site/job/New-York-NY/Sr-Manager-FX--Middle-Market_R-22711,N/A,2 Locations,Posted 5 Days Ago
KeyBank,Personal Banker,https://keybank.wd5.myworkdayjobs.com/en-US/External_Career_Site/job/South-Portland-ME/Personal-Banker_R-22695,N/A,"South Portland, ME",Posted 5 Days Ago
KeyBank,Lead Teller,https://keybank.wd5.myworkdayjobs.com/en-US/External_Career_Site/job/Cleveland-OH/Lead-Teller_R-22410,N/A,"Cleveland, OH",Posted 5 Days Ago
KeyBank,Key Investment Services Associate Central Supervision Principal,https://keybank.wd5.myworkdayjobs.com/en-US/External_Career_Site/job/Brooklyn-OH/Key-Investment-Services-Associate-Central-Supervision-Principle_R-18808,N/A,"Brooklyn, OH",Posted 5 Days Ago
KeyBank,Licensed Private Client Banker,https://keybank.wd5.myworkdayjobs.com/en-US/External_Career_Site/job/Stow-OH/Licensed-Private-Client-Banker---Stow--OH---Darrow-Road-Branch_R-22699,N/A,"Stow, OH",Posted 6 Days Ago
KeyBank,Licensed Private Client Banker,https://keybank.wd5.myworkdayjobs.com/en-US/External_Career_Site/job/Pittsburgh-PA/Licensed-Private-Client-Banker---Pittsburgh--PA---North-Hills-Branch_R-22701,N/A,"Pittsburgh, PA",Posted 6 Days Ago
KeyBank,Licensed Private Client Banker,https://keybank.wd5.myworkdayjobs.com/en-US/External_Career_Site/job/Ellington-CT/Private-Client-Banker---Ellington--CT_R-22714,N/A,"Ellington, CT",Posted 6 Days Ago
KeyBank,Branch Manager,https://keybank.wd5.myworkdayjobs.com/en-US/External_Career_Site/job/Ambler-PA/Branch-Manager---Ambler--PA_R-20256,N/A,"Ambler, PA",Posted 6 Days Ago
KeyBank,Branch Manager,https://keybank.wd5.myworkdayjobs.com/en-US/External_Career_Site/job/Copake-NY/Branch-Manager_R-22509,N/A,"Copake, NY",Posted 6 Days Ago
KeyBank,Branch Manager,https://keybank.wd5.myworkdayjobs.com/en-US/External_Career_Site/job/Orangeburg-NY/Branch-Manager_R-22683,N/A,"Orangeburg, NY",Posted 6 Days Ago
KeyBank,Branch Manager,https://keybank.wd5.myworkdayjobs.com/en-US/External_Career_Site/job/New-Rochelle-NY/Branch-Manager_R-22685,N/A,"New Rochelle, NY",Posted 6 Days Ago
KeyBank,Branch Manager,https://keybank.wd5.myworkdayjobs.com/en-US/External_Career_Site/job/Natrona-Heights-PA/Branch-Manager_R-22702,N/A,"Natrona Heights, PA",Posted 6 Days Ago
KeyBank,Branch Manager,https://keybank.wd5.myworkdayjobs.com/en-US/External_Career_Site/job/Ambler-PA/Branch-Manager_R-22710,N/A,"Ambler, PA",Posted 6 Days Ago
KeyBank,Financial Wellness Banker,https://keybank.wd5.myworkdayjobs.com/en-US/External_Career_Site/job/Lake-Oswego-OR/Financial-Wellness-Banker---Lake-Grove_R-22498,N/A,"Lake Oswego, OR",Posted 6 Days Ago
KeyBank,Financial Wellness Banker,https://keybank.wd5.myworkdayjobs.com/en-US/External_Career_Site/job/Littleton-CO/Financial-Wellness-Banker_R-22398,N/A,"Littleton, CO",Posted 6 Days Ago
KeyBank,Financial Wellness Banker,https://keybank.wd5.myworkdayjobs.com/en-US/External_Career_Site/job/Fort-Collins-CO/Financial-Wellness-Banker_R-22460,N/A,"Fort Collins, CO",Posted 6 Days Ago
KeyBank,Financial Wellness Banker,https://keybank.wd5.myworkdayjobs.com/en-US/External_Career_Site/job/Boulder-CO/Financial-Wellness-Banker_R-22559,N/A,"Boulder, CO",Posted 6 Days Ago
KeyBank,Financial Wellness Banker,https://keybank.wd5.myworkdayjobs.com/en-US/External_Career_Site/job/Denver-CO/Financial-Wellness-Banker_R-22611,N/A,"Denver, CO",Posted 6 Days Ago
KeyBank,Financial Wellness Banker,https://keybank.wd5.myworkdayjobs.com/en-US/External_Career_Site/job/Denver-CO/Financial-Wellness-Banker_R-22637,N/A,"Denver, CO",Posted 6 Days Ago
KeyBank,Financial Wellness Banker,https://keybank.wd5.myworkdayjobs.com/en-US/External_Career_Site/job/Aurora-CO/Financial-Wellness-Banker_R-22663,N/A,"Aurora, CO",Posted 6 Days Ago
KeyBank,Float Teller,https://keybank.wd5.myworkdayjobs.com/en-US/External_Career_Site/job/Watertown-NY/Float-Teller_R-22172,N/A,"Watertown, NY",Posted 6 Days Ago
KeyBank,Float Teller,https://keybank.wd5.myworkdayjobs.com/en-US/External_Career_Site/job/Liverpool-NY/Float-Teller_R-22510,N/A,"Liverpool, NY",Posted 6 Days Ago
KeyBank,Float Teller,https://keybank.wd5.myworkdayjobs.com/en-US/External_Career_Site/job/West-Sand-Lake-NY/Float-Teller_R-22588,N/A,"West Sand Lake, NY",Posted 6 Days Ago
KeyBank,Float Teller,https://keybank.wd5.myworkdayjobs.com/en-US/External_Career_Site/job/Greece-NY/Float-Teller_R-22603,N/A,"Greece, NY",Posted 6 Days Ago
KeyBank,Full Time Float Teller,https://keybank.wd5.myworkdayjobs.com/en-US/External_Career_Site/job/Monongahela-PA/Full-Time-Float-Teller_R-22652,N/A,"Monongahela, PA",Posted 6 Days Ago
KeyBank,Lead Teller,https://keybank.wd5.myworkdayjobs.com/en-US/External_Career_Site/job/Canandaigua-NY/Lead-Teller_R-22654,N/A,"Canandaigua, NY",Posted 6 Days Ago
KeyBank,Lead Teller,https://keybank.wd5.myworkdayjobs.com/en-US/External_Career_Site/job/Waterville-OH/Lead-Teller_R-22713,N/A,"Waterville, OH",Posted 6 Days Ago
KeyBank,Lockbox Specialist,https://keybank.wd5.myworkdayjobs.com/en-US/External_Career_Site/job/Brooklyn-OH/Lockbox-Specialist_R-22566,N/A,"Brooklyn, OH",Posted 6 Days Ago
KeyBank,Part Time Teller,https://keybank.wd5.myworkdayjobs.com/en-US/External_Career_Site/job/Imperial-PA/Part-Time-Teller---Imperial--PA_R-20328,N/A,"Imperial, PA",Posted 6 Days Ago
KeyBank,Part Time Teller,https://keybank.wd5.myworkdayjobs.com/en-US/External_Career_Site/job/Uniontown-PA/Part-Time-Teller_R-22578,N/A,"Uniontown, PA",Posted 6 Days Ago
KeyBank,Part Time Teller,https://keybank.wd5.myworkdayjobs.com/en-US/External_Career_Site/job/North-Royalton-OH/Part-Time-Teller_R-22644,N/A,"North Royalton, OH",Posted 6 Days Ago
KeyBank,Part Time Teller,https://keybank.wd5.myworkdayjobs.com/en-US/External_Career_Site/job/Chagrin-Falls-OH/Part-Time-Teller_R-22650,N/A,"Chagrin Falls, OH",Posted 6 Days Ago
KeyBank,Part Time Teller,https://keybank.wd5.myworkdayjobs.com/en-US/External_Career_Site/job/Cleveland-OH/Part-Time-Teller_R-22651,N/A,"Cleveland, OH",Posted 6 Days Ago
KeyBank,Part Time Teller,https://keybank.wd5.myworkdayjobs.com/en-US/External_Career_Site/job/Sylvania-OH/Part-Time-Teller_R-22690,N/A,"Sylvania, OH",Posted 6 Days Ago
KeyBank,Part Time Teller,https://keybank.wd5.myworkdayjobs.com/en-US/External_Career_Site/job/Waterville-OH/Part-Time-Teller_R-22697,N/A,"Waterville, OH",Posted 6 Days Ago
KeyBank,Part Time Teller,https://keybank.wd5.myworkdayjobs.com/en-US/External_Career_Site/job/Euclid-OH/Part-Time-Teller_R-22705,N/A,"Euclid, OH",Posted 6 Days Ago
KeyBank,Part Time Teller,https://keybank.wd5.myworkdayjobs.com/en-US/External_Career_Site/job/North-Huntingdon-PA/Part-Time-Teller_R-22706-1,N/A,"North Huntingdon, PA",Posted 6 Days Ago
KeyBank,Part Time Teller,https://keybank.wd5.myworkdayjobs.com/en-US/External_Career_Site/job/Imperial-PA/Part-Time-Teller_R-22712,N/A,"Imperial, PA",Posted 6 Days Ago
KeyBank,Personal Banker,https://keybank.wd5.myworkdayjobs.com/en-US/External_Career_Site/job/Beaverton-OR/Personal-Banker---Beaverton_R-22548,N/A,"Beaverton, OR",Posted 6 Days Ago
KeyBank,"Personal Banker-Schenectady, NY",https://keybank.wd5.myworkdayjobs.com/en-US/External_Career_Site/job/Schenectady-NY/Personal-Banker-Schenectady--NY_R-20829-1,N/A,"Schenectady, NY",Posted 6 Days Ago
KeyBank,Personal Banker,https://keybank.wd5.myworkdayjobs.com/en-US/External_Career_Site/job/Monongahela-PA/Personal-Banker_R-22100-1,N/A,"Monongahela, PA",Posted 6 Days Ago
KeyBank,Personal Banker,https://keybank.wd5.myworkdayjobs.com/en-US/External_Career_Site/job/Albany-NY/Personal-Banker_R-22267,N/A,"Albany, NY",Posted 6 Days Ago
KeyBank,Personal Banker,https://keybank.wd5.myworkdayjobs.com/en-US/External_Career_Site/job/Lansford-PA/Personal-Banker_R-22385,N/A,"Lansford, PA",Posted 6 Days Ago
Southern California Edison,2024 Masters Summer Internship-Industrial Organizational Psychology,https://www.edisoncareers.com/job/19532174/2024-masters-summer-internship-industrial-organizational-psychology-hybrid-chino-ca/,N/A,"Chino, CA, US (HYBRID)",N/A
Southern California Edison,2024 Summer Internship - Film and Television Majors,https://www.edisoncareers.com/job/19160411/2024-summer-internship-film-and-television-majors-hybrid-rosemead-ca/,N/A,"Rosemead, CA, US (HYBRID)",N/A
Southern California Edison,2024 MBA Summer Internship-Wildfire Safety,https://www.edisoncareers.com/job/19060779/2024-mba-summer-internship-wildfire-safety-hybrid-pomona-ca/,N/A,"Pomona, CA, US (HYBRID)",N/A
Southern California Edison,2024 MBA Summer Internship- Energy Contract Management,https://www.edisoncareers.com/job/19060778/2024-mba-summer-internship-energy-contract-management-hybrid-rosemead-ca/,N/A,"Rosemead, CA, US (HYBRID)",N/A
Southern California Edison,Year-Round Internship - Accounting,https://www.edisoncareers.com/job/19052277/year-round-internship-accounting-hybrid-rosemead-ca/,N/A,"Rosemead, CA, US (HYBRID)",N/A
Southern California Edison,2024 Summer Internship- Business Administration Major,https://www.edisoncareers.com/job/19048540/2024-summer-internship-business-administration-major-remote-ca-based-california-us/,N/A,"California, US, US (REMOTE/CA BASED)",N/A
Southern California Edison,2024 Summer Internship- Business Administration Major,https://www.edisoncareers.com/job/19037129/2024-summer-internship-business-administration-major-hybrid-fullerton-ca/,N/A,"Fullerton, CA, US (HYBRID)",N/A
Southern California Edison,2024 Summer Internship- Industrial/Mechanical Engineering Major,https://www.edisoncareers.com/job/19037128/2024-summer-internship-industrial-mechanical-engineering-major-hybrid-rosemead-ca/,N/A,"Rosemead, CA, US (HYBRID)",N/A
Southern California Edison,2024 Summer Internship- Electrical/Mechanical Engineering Major,https://www.edisoncareers.com/job/19037126/2024-summer-internship-electrical-mechanical-engineering-major-hybrid-wildomar-ca/,N/A,"Wildomar, CA, US (HYBRID)",N/A
Southern California Edison,2024 Summer Internship- Electrical/Mechanical Engineering Major,https://www.edisoncareers.com/job/19037127/2024-summer-internship-electrical-mechanical-engineering-major-hybrid-ventura-ca/,N/A,"Ventura, CA, US (HYBRID)",N/A
Southern California Edison,2024 Summer Internship- Electrical/Mechanical Engineering Major,https://www.edisoncareers.com/job/19037125/2024-summer-internship-electrical-mechanical-engineering-major-hybrid-tulare-ca/,N/A,"Tulare, CA, US (HYBRID)",N/A
Southern California Edison,2024 Summer Internship- Electrical/Mechanical Engineering Major,https://www.edisoncareers.com/job/19037123/2024-summer-internship-electrical-mechanical-engineering-major-hybrid-fontana-ca/,N/A,"Fontana, CA, US (HYBRID)",N/A
Southern California Edison,2024 Summer Internship- Electrical/Mechanical Engineering Major,https://www.edisoncareers.com/job/19037122/2024-summer-internship-electrical-mechanical-engineering-major-hybrid-compton-ca/,N/A,"Compton, CA, US (HYBRID)",N/A
Southern California Edison,2024 Summer Internship Computer Science - Human Computer Interaction Major,https://www.edisoncareers.com/job/19037121/2024-summer-internship-computer-science-human-computer-interaction-major-hybrid-rosemead-ca/,N/A,"Rosemead, CA, US (HYBRID)",N/A
Southern California Edison,2024 Summer Internship- Electrical/Mechanical Engineering Major,https://www.edisoncareers.com/job/19037124/2024-summer-internship-electrical-mechanical-engineering-major-hybrid-fullerton-ca/,N/A,"Fullerton, CA, US (HYBRID)",N/A
Southern California Edison,2024 Summer Internship- Business Communications Major,https://www.edisoncareers.com/job/19037117/2024-summer-internship-business-communications-major-remote-ca-based-california-us/,N/A,"California, US, US (REMOTE/CA BASED)",N/A
Southern California Edison,2024 Summer Internship- Data Analytics and Mathematics Major,https://www.edisoncareers.com/job/19037118/2024-summer-internship-data-analytics-and-mathematics-major-remote-ca-based-california-us/,N/A,"California, US, US (REMOTE/CA BASED)",N/A
Southern California Edison,2024 Summer Internship Business Administration Major,https://www.edisoncareers.com/job/19037120/2024-summer-internship-business-administration-major-hybrid-covina-ca/,N/A,"Covina, CA, US (HYBRID)",N/A
Southern California Edison,2024 Summer Internship- Electrical Engineering Major,https://www.edisoncareers.com/job/19037119/2024-summer-internship-electrical-engineering-major-onsite-westminster-ca/,N/A,"Westminster, CA, US (ONSITE)",N/A
Southern California Edison,2024 Summer Internship- BioResource & Agricultural Engineering Major,https://www.edisoncareers.com/job/19037113/2024-summer-internship-bioresource-agricultural-engineering-major-hybrid-rosemead-ca/,N/A,"Rosemead, CA, US (HYBRID)",N/A
Southern California Edison,2024 Summer Internship Supply Chain Management Major,https://www.edisoncareers.com/job/19037116/2024-summer-internship-supply-chain-management-major-hybrid-rosemead-ca/,N/A,"Rosemead, CA, US (HYBRID)",N/A
Southern California Edison,2024 Summer Internship- Electrical Engineering Major,https://www.edisoncareers.com/job/19037114/2024-summer-internship-electrical-engineering-major-hybrid-valencia-ca/,N/A,"Valencia, CA, US (HYBRID)",N/A
Southern California Edison,2024 Summer Internship Mechanical or Electrical Engineering Major,https://www.edisoncareers.com/job/19037115/2024-summer-internship-mechanical-or-electrical-engineering-major-on-site-irwindale-ca/,N/A,"Irwindale, CA, US (ON-SITE)",N/A
Southern California Edison,2024 Summer Internship- Electrical/Mechanical Engineering Major,https://www.edisoncareers.com/job/19037110/2024-summer-internship-electrical-mechanical-engineering-major-hybrid-westminster-ca/,N/A,"Westminster, CA, US (HYBRID)",N/A
Southern California Edison,2024 Summer Internship- Accounting & Finance Major,https://www.edisoncareers.com/job/19037111/2024-summer-internship-accounting-finance-major-hybrid-rosemead-ca/,N/A,"Rosemead, CA, US (HYBRID)",N/A
Southern California Edison,2024 Summer Internship- Environmental Science and Regulatory Permitting Major,https://www.edisoncareers.com/job/19037109/2024-summer-internship-environmental-science-and-regulatory-permitting-major-on-site-big-creek-ca/,N/A,"Big Creek, CA, US (ON-SITE)",N/A
Southern California Edison,2024 Summer Internship- Data Analytics/Math Major,https://www.edisoncareers.com/job/19037112/2024-summer-internship-data-analytics-math-major-hybrid-rosemead-ca/,N/A,"Rosemead, CA, US (HYBRID)",N/A
Southern California Edison,2024 Summer Internship- Mechanical Engineering Major,https://www.edisoncareers.com/job/19037108/2024-summer-internship-mechanical-engineering-major-on-site-big-creek-ca/,N/A,"Big Creek, CA, US (ON-SITE)",N/A
Southern California Edison,2024 Summer Internship- Mechanical Engineering Major,https://www.edisoncareers.com/job/19037107/2024-summer-internship-mechanical-engineering-major-on-site-redlands-ca/,N/A,"Redlands, CA, US (ON-SITE)",N/A
Southern California Edison,2024 Summer Internship- Civil/Structural Engineering Major,https://www.edisoncareers.com/job/19037105/2024-summer-internship-civil-structural-engineering-major-hybrid-pomona-ca/,N/A,"Pomona, CA, US (HYBRID)",N/A
Southern California Edison,2024 Summer Internship- Electrical/Mechanical Engineering Major,https://www.edisoncareers.com/job/19037106/2024-summer-internship-electrical-mechanical-engineering-major-hybrid-pomona-ca/,N/A,"Pomona, CA, US (HYBRID)",N/A
Southern California Edison,2024 Summer Internship Business Administration Major,https://www.edisoncareers.com/job/19037101/2024-summer-internship-business-administration-major-on-site-ventura-ca/,N/A,"Ventura, CA, US (ON-SITE)",N/A
Southern California Edison,2024 Summer Internship Industrial Engineering Major,https://www.edisoncareers.com/job/19037100/2024-summer-internship-industrial-engineering-major-hybrid-pomona-ca/,N/A,"Pomona, CA, US (HYBRID)",N/A
Southern California Edison,2024 Summer Internship Electrical Engineering Major,https://www.edisoncareers.com/job/19037103/2024-summer-internship-electrical-engineering-major-on-site-palmdale-ca/,N/A,"Palmdale, CA, US (ON-SITE)",N/A
Southern California Edison,2024 Summer Internship Political Science Major,https://www.edisoncareers.com/job/19037104/2024-summer-internship-political-science-major-hybrid-rosemead-ca/,N/A,"Rosemead, CA, US (HYBRID)",N/A
Southern California Edison,2024 Summer Internship Business Administration Major,https://www.edisoncareers.com/job/19037102/2024-summer-internship-business-administration-major-on-site-santa-barbara-ca/,N/A,"Santa Barbara, CA, US (ON-SITE)",N/A
Southern California Edison,2024 Summer Internship Mechanical Engineering Major,https://www.edisoncareers.com/job/19037097/2024-summer-internship-mechanical-engineering-major-hybrid-irwindale-ca/,N/A,"Irwindale, CA, US (HYBRID)",N/A
Southern California Edison,2024 Summer Internship Data Analytics Major,https://www.edisoncareers.com/job/19037098/2024-summer-internship-data-analytics-major-hybrid-irwindale-ca/,N/A,"Irwindale, CA, US (HYBRID)",N/A
Southern California Edison,2024 Summer Internship Computer Science Major,https://www.edisoncareers.com/job/19037096/2024-summer-internship-computer-science-major-hybrid-alhambra-ca/,N/A,"Alhambra, CA, US (HYBRID)",N/A
Southern California Edison,2024 Summer Internship Electrical Engineering Major,https://www.edisoncareers.com/job/19037099/2024-summer-internship-electrical-engineering-major-hybrid-redlands-ca/,N/A,"Redlands, CA, US (HYBRID)",N/A
Southern California Edison,2024 Summer Internship Environmental Occupational Health Major,https://www.edisoncareers.com/job/19037092/2024-summer-internship-environmental-occupational-health-major-hybrid-irwindale-ca/,N/A,"Irwindale, CA, US (HYBRID)",N/A
Southern California Edison,2024 Summer Internship Electrical Engineering Major,https://www.edisoncareers.com/job/19037095/2024-summer-internship-electrical-engineering-major-hybrid-alhambra-ca/,N/A,"Alhambra, CA, US (HYBRID)",N/A
Southern California Edison,2024 Summer Internship Electrical Engineering Major,https://www.edisoncareers.com/job/19037093/2024-summer-internship-electrical-engineering-major-hybrid-santa-ana-ca/,N/A,"Santa Ana, CA, US (HYBRID)",N/A
Southern California Edison,2024 Summer Internship Cybersecurity Major,https://www.edisoncareers.com/job/19037094/2024-summer-internship-cybersecurity-major-hybrid-rosemead-ca/,N/A,"Rosemead, CA, US (HYBRID)",N/A
Southern California Edison,2024 Summer Internship Electrical Engineering Computer Science Major,https://www.edisoncareers.com/job/19037090/2024-summer-internship-electrical-engineering-computer-science-major-hybrid-pomona-ca/,N/A,"Pomona, CA, US (HYBRID)",N/A
Southern California Edison,2024 Summer Internship Electrical Engineering Major,https://www.edisoncareers.com/job/19037089/2024-summer-internship-electrical-engineering-major-hybrid-rosemead-ca/,N/A,"Rosemead, CA, US (HYBRID)",N/A
Southern California Edison,2024 Summer Internship Business Communications Major,https://www.edisoncareers.com/job/19037091/2024-summer-internship-business-communications-major-hybrid-rosemead-ca/,N/A,"Rosemead, CA, US (HYBRID)",N/A
Southern California Edison,2024 Summer Internship Business Administration Major,https://www.edisoncareers.com/job/19037087/2024-summer-internship-business-administration-major-hybrid-pomona-ca/,N/A,"Pomona, CA, US (HYBRID)",N/A
Southern California Edison,2024 Summer Internship Computer Science Major,https://www.edisoncareers.com/job/19037088/2024-summer-internship-computer-science-major-hybrid-rosemead-ca/,N/A,"Rosemead, CA, US (HYBRID)",N/A
Southern California Edison,2024 Summer Internship- Data Analytics/Data Science/Math Major-,https://www.edisoncareers.com/job/19037086/2024-summer-internship-data-analytics-data-science-math-major-hybrid-pomona-ca/,N/A,"Pomona, CA, US (HYBRID)",N/A
